doc_id,doc_url,doc_title,output_file,tokens_used,timestamp
1orD1bfVLpzX8eYSd872s7KsL7hkGaqMWbT_badDZ3wY,https://docs.google.com/document/d/1orD1bfVLpzX8eYSd872s7KsL7hkGaqMWbT_badDZ3wY/edit,CAJ_CRISTO_IIEE_COORD-CIST_MSE, TIC_ENTREVISTA-PARTE-1 - Documentos de Google,output/caj_cristo_iiee_coord_cist_mse_tic_entrevista.md,8248,2025-12-18 13:25:51
185nyILV-5HieQiPiMfH_IRI2HkMaj0xYAytiX-4OvLs,https://docs.google.com/document/d/185nyILV-5HieQiPiMfH_IRI2HkMaj0xYAytiX-4OvLs/edit,CAJ_CRISTO_IIEE_COORD-TOE_HSE_ENTREVISTA - Documentos de Google,output/caj_cristo_iiee_coord_toe_hse_entrevista.md,7893,2025-12-18 13:32:11
1B83ko-G_auL-DX2J1R9cPayG0G9YZWtgeETodaBKz4A,https://docs.google.com/document/d/1B83ko-G_auL-DX2J1R9cPayG0G9YZWtgeETodaBKz4A/edit,CAJ_CRISTO_IIEE_DIR_HSE_ENTREVISTA - Documentos de Google,output/caj_cristo_iiee_dir_hse_entrevista_documentos_de.md,8145,2025-12-18 13:33:54
1Xe5DNac3-w0ssMbeA-lorooJyIgmbeGnNO7tsRJ7bx4,https://docs.google.com/document/d/1Xe5DNac3-w0ssMbeA-lorooJyIgmbeGnNO7tsRJ7bx4/edit,CAJ_CRISTO_IIEE_DOC-NOTUTOR-A_HSE_ENTREVISTA - Documentos de Google,output/caj_cristo_iiee_doc_notutor_a_hse_entrevista.md,9224,2025-12-18 13:49:53
1fBRARTrwHB5hjB-JdhonWVLq-3unCi2OpP995Yj_bao,https://docs.google.com/document/d/1fBRARTrwHB5hjB-JdhonWVLq-3unCi2OpP995Yj_bao/edit,CAJ_CRISTO_IIEE_DOC-NOTUTOR-A_TIC_ENTREVISTA - Documentos de Google,output/caj_cristo_iiee_doc_notutor_a_tic_entrevista.md,8139,2025-12-18 13:51:30
10BpXw1BI1yOYI_GU61uXO3WGL2Jh0t_AXFchiCBhrw8,https://docs.google.com/document/d/10BpXw1BI1yOYI_GU61uXO3WGL2Jh0t_AXFchiCBhrw8/edit,CAJ_CRISTO_IIEE_DOC-NOTUTOR-C_TIC_ENTREVISTA - Documentos de Google,output/caj_cristo_iiee_doc_notutor_c_tic_entrevista.md,6534,2025-12-18 13:52:58
1dBL7krb2C_extPzQ6BG6Xr416UT-0jTasxxgkZPpC5Y,https://docs.google.com/document/d/1dBL7krb2C_extPzQ6BG6Xr416UT-0jTasxxgkZPpC5Y/edit,CAJ_CRISTO_IIEE_DOC-NOTUTOR-D_TIC_ENTREVISTA-PARTE-1 - Documentos de Google,output/caj_cristo_iiee_doc_notutor_d_tic_entrevista.md,4103,2025-12-18 13:54:24
1U-TCTZZCc1xYSXm8VhRAF-WjAMYgLiAqHB0-kvcKiTE,https://docs.google.com/document/d/1U-TCTZZCc1xYSXm8VhRAF-WjAMYgLiAqHB0-kvcKiTE/edit,CAJ_CRISTO_IIEE_DOC-TUTOR-A_HSE_ENTREVISTA - Documentos de Google,output/caj_cristo_iiee_doc_tutor_a_hse_entrevista.md,5749,2025-12-18 13:55:53
1sDap5UifDTXzihoWzvCq4_lQ0SMbmXArXmcESvH-7Mw,https://docs.google.com/document/d/1sDap5UifDTXzihoWzvCq4_lQ0SMbmXArXmcESvH-7Mw/edit,CAJ_CRISTO_IIEE_EST_MSE, HSE, TIC_GRUPO-FOCAL - Documentos de Google,output/caj_cristo_iiee_est_mse_hse_tic_grupo_focal.md,25571,2025-12-18 13:57:51
1S2QcoUtKRfGSeM7WRqYb4w4fSgivL9jIKFrPCFI-SWE,https://docs.google.com/document/d/1S2QcoUtKRfGSeM7WRqYb4w4fSgivL9jIKFrPCFI-SWE/edit,CAJ_CRISTO_IIEE_FAM_MSE, HSE, TIC_GRUPO-FOCAL - Documentos de Google,output/caj_cristo_iiee_fam_mse_hse_tic_grupo_focal.md,16762,2025-12-18 13:59:39
1ZkMv0PUNI4-uURldKFc67Vz5qG8_P7AoMByVrQhO3SQ,https://docs.google.com/document/d/1ZkMv0PUNI4-uURldKFc67Vz5qG8_P7AoMByVrQhO3SQ/edit,CAJ_CRISTO_IIEE_PSIC_HSE_ENTREVISTA - Documentos de Google,output/caj_cristo_iiee_psic_hse_entrevista_documentos_de.md,11866,2025-12-18 14:01:38
1gqgTQNDMWDRnmCv22pRMu-Dd7jo6ImpEk_jxfrea_6M,https://docs.google.com/document/d/1gqgTQNDMWDRnmCv22pRMu-Dd7jo6ImpEk_jxfrea_6M/edit,CAJ_MANUE_IIEE_COORD-CIST_MSE, TIC_ENTREVISTA-PARTE-1 - Documentos de Google,output/caj_manue_iiee_coord_cist_mse_tic_entrevista.md,5370,2025-12-18 14:03:05
10OP92j39cKfASk3_ZySXEPcDRjgGxQo8JHNzx7R81GU,https://docs.google.com/document/d/10OP92j39cKfASk3_ZySXEPcDRjgGxQo8JHNzx7R81GU/edit,CAJ_MANUE_IIEE_COORD-PED_MSE, TIC_ENTREVISTA - Documentos de Google,output/caj_manue_iiee_coord_ped_mse_tic_entrevista.md,16457,2025-12-18 14:04:52
1ma-ZWzRzIhkKH_rHoWo2bJOviYB6ZFvKTq7Cg9sf024,https://docs.google.com/document/d/1ma-ZWzRzIhkKH_rHoWo2bJOviYB6ZFvKTq7Cg9sf024/edit,CAJ_MANUE_IIEE_COORD-TOE_HSE_ENTREVISTA - Documentos de Google,output/caj_manue_iiee_coord_toe_hse_entrevista.md,9746,2025-12-18 14:06:46
1n1xe05LXxB7aukHAA41g1DyrhY5HKXM2Pvg8qokQlPA,https://docs.google.com/document/d/1n1xe05LXxB7aukHAA41g1DyrhY5HKXM2Pvg8qokQlPA/edit,CAJ_MANUE_IIEE_COORD-TOE_MSE_ENTREVISTA - Documentos de Google,output/caj_manue_iiee_coord_toe_mse_entrevista.md,15264,2025-12-18 14:08:41
1kUtO2SwiAF_KcqyKC1uHNASXorL3NXU6yYWr7vdPe6Y,https://docs.google.com/document/d/1kUtO2SwiAF_KcqyKC1uHNASXorL3NXU6yYWr7vdPe6Y/edit,CAJ_MANUE_IIEE_DIR_HSE_ENTREVISTA - Documentos de Google,output/caj_manue_iiee_dir_hse_entrevista_documentos_de.md,6158,2025-12-18 14:10:22
17lyLiJjaXFsJP2ILnn3BGMZlWKugpjiURvEMrDFVSvo,https://docs.google.com/document/d/17lyLiJjaXFsJP2ILnn3BGMZlWKugpjiURvEMrDFVSvo/edit,CAJ_MANUE_IIEE_DIR_MSE, TIC_ENTREVISTA - Documentos de Google,output/caj_manue_iiee_dir_mse_tic_entrevista_documentos.md,20210,2025-12-18 14:12:14
1sVSxxUVUcUg5zfRDWyG1cOluDpn9kSrgWL0MXL6GN1Y,https://docs.google.com/document/d/1sVSxxUVUcUg5zfRDWyG1cOluDpn9kSrgWL0MXL6GN1Y/edit,CAJ_MANUE_IIEE_DOC_MSE_GRUPO-FOCAL - Documentos de Google,output/caj_manue_iiee_doc_mse_grupo_focal_documentos_de.md,94197,2025-12-18 14:13:41
1w0F0LhHvqCQX_rhtL7YnnBaY2UxrnmyantUAKKWNfDQ,https://docs.google.com/document/d/1w0F0LhHvqCQX_rhtL7YnnBaY2UxrnmyantUAKKWNfDQ/edit,CAJ_MANUE_IIEE_DOC-NOTUTOR-A_HSE_ENTREVISTA - Documentos de Google,output/caj_manue_iiee_doc_notutor_a_hse_entrevista.md,9086,2025-12-18 14:15:33
1CsQlsDTfIo6mLNul4VIrl3OCMfiqE_pqs8cxZJjUAOM,https://docs.google.com/document/d/1CsQlsDTfIo6mLNul4VIrl3OCMfiqE_pqs8cxZJjUAOM/edit,CAJ_MANUE_IIEE_DOC-NOTUTOR-A_TIC_ENTREVISTA - Documentos de Google,output/caj_manue_iiee_doc_notutor_a_tic_entrevista.md,3527,2025-12-18 14:17:01
1rmXRr-zXwQ9JNG2ZlFjVhp8j-kDhLc62sv8ldrr9Ajg,https://docs.google.com/document/d/1rmXRr-zXwQ9JNG2ZlFjVhp8j-kDhLc62sv8ldrr9Ajg/edit,CAJ_MANUE_IIEE_DOC-NOTUTOR-B_TIC_ENTREVISTA-PARTE-1 - Documentos de Google,output/caj_manue_iiee_doc_notutor_b_tic_entrevista_parte.md,2518,2025-12-18 14:18:22
1T-_QDw87IblXIs_JziiodTG2sLkXmJaZmPoTLd9OGg4,https://docs.google.com/document/d/1T-_QDw87IblXIs_JziiodTG2sLkXmJaZmPoTLd9OGg4/edit,CAJ_MANUE_IIEE_DOC-NOTUTOR-C_TIC_ENTREVISTA - Documentos de Google,output/caj_manue_iiee_doc_notutor_c_tic_entrevista.md,5119,2025-12-18 14:19:53
11Mmg6K5Hin94ONlxrEL0U3p-2fg4HruRY8dUoMhCD94,https://docs.google.com/document/d/11Mmg6K5Hin94ONlxrEL0U3p-2fg4HruRY8dUoMhCD94/edit,CAJ_MANUE_IIEE_DOC-NOTUTOR-D_TIC_ENTREVISTA-PARTE-1 - Documentos de Google,output/caj_manue_iiee_doc_notutor_d_tic_entrevista_parte.md,4333,2025-12-18 14:21:20
1Y6--rd1pk8_qglOyspOQCZlM_rsG3S0i6RZjAQsYQjA,https://docs.google.com/document/d/1Y6--rd1pk8_qglOyspOQCZlM_rsG3S0i6RZjAQsYQjA/edit,CAJ_MANUE_IIEE_DOC-TUTOR-A_HSE_ENTREVISTA - Documentos de Google,output/caj_manue_iiee_doc_tutor_a_hse_entrevista.md,5905,2025-12-18 14:22:45
1jJMaWzU5BKzQMI-zNl31qmfLX5GQCMzReGO38oZgj1c,https://docs.google.com/document/d/1jJMaWzU5BKzQMI-zNl31qmfLX5GQCMzReGO38oZgj1c/edit,CAJ_MANUE_IIEE_DOC-TUTOR-B_HSE_ENTREVISTA - Documentos de Google,output/caj_manue_iiee_doc_tutor_b_hse_entrevista.md,13436,2025-12-18 14:24:43
1lH6Xna_CHxIs3408k-G698zmtQcD4q-S_AmnaRMHu7s,https://docs.google.com/document/d/1lH6Xna_CHxIs3408k-G698zmtQcD4q-S_AmnaRMHu7s/edit,CAJ_MANUE_IIEE_EST_MSE, HSE, TIC_GRUPO-FOCAL - Documentos de Google,output/caj_manue_iiee_est_mse_hse_tic_grupo_focal.md,23326,2025-12-18 14:26:39
1rWQXOHyNEVwbAxJHnGM79Iza7VjmR_IAtHnVmrKZd-A,https://docs.google.com/document/d/1rWQXOHyNEVwbAxJHnGM79Iza7VjmR_IAtHnVmrKZd-A/edit,PUN_SANAG_IIEE_COORD-CIST_MSE, TIC_ENTREVISTA - Documentos de Google,output/pun_sanag_iiee_coord_cist_mse_tic_entrevista.md,1567,2025-12-18 14:56:04
1n3SIU_SIVm16eXl2jsFFqx_c3mrOuhHEU7pnfONov4Q,https://docs.google.com/document/d/1n3SIU_SIVm16eXl2jsFFqx_c3mrOuhHEU7pnfONov4Q/edit,PUN_SANAG_IIEE_COORD-PED_MSE, TIC_ENTREVISTA - Documentos de Google,output/pun_sanag_iiee_coord_ped_mse_tic_entrevista.md,20924,2025-12-18 14:58:35
15TC6AS68zQw0yoP4MnRNtoYtBNYMk4H453BmTL_5H3k,https://docs.google.com/document/d/15TC6AS68zQw0yoP4MnRNtoYtBNYMk4H453BmTL_5H3k/edit,SAN_BILING_IIEE_COORD-CIST_MSE, TIC_ENTREVISTA - Documentos de Google,output/san_biling_iiee_coord_cist_mse_tic_entrevista.md,3922,2025-12-18 16:25:24
1ivqoc_SpTUiquevEJExmWH_6Ma7Lb7Zt3OTzNOGIelU,https://docs.google.com/document/d/1ivqoc_SpTUiquevEJExmWH_6Ma7Lb7Zt3OTzNOGIelU/edit,SAN_BILING_IIEE_COORD-EPT_MSE_ENTREVISTA - Documentos de Google,output/san_biling_iiee_coord_ept_mse_entrevista.md,7982,2025-12-18 16:27:09
1_bgILywobtm6YoX6xfd8e_GU9_bDpNCioZh365UJLWU,https://docs.google.com/document/d/1_bgILywobtm6YoX6xfd8e_GU9_bDpNCioZh365UJLWU/edit,SAN_BILING_IIEE_COORD-PED_MSE, TIC_ENTREVISTA-PARTE-1 - Documentos de Google,output/san_biling_iiee_coord_ped_mse_tic_entrevista.md,14774,2025-12-18 16:29:01
1iA8mBMzVkHFVWflvc8RvFGwq6Zo3OpKbBw8jmUs-21g,https://docs.google.com/document/d/1iA8mBMzVkHFVWflvc8RvFGwq6Zo3OpKbBw8jmUs-21g/edit,SAN_BILING_IIEE_COORD-TOE_HSE_ENTREVISTA-PARTE-1 - Documentos de Google,output/san_biling_iiee_coord_toe_hse_entrevista_parte_1.md,12856,2025-12-18 16:30:52
1B3jIlr1nbNWSnEfoPZ2WPhnl1_5w3GrrPkRUbINh48s,https://docs.google.com/document/d/1B3jIlr1nbNWSnEfoPZ2WPhnl1_5w3GrrPkRUbINh48s/edit,SAN_BILING_IIEE_COORD-TOE_MSE_ENTREVISTA - Documentos de Google,output/san_biling_iiee_coord_toe_mse_entrevista.md,12354,2025-12-18 16:38:38
18yKTYT5ViyJFNW3gCY5cGs8dxb7aHK5DMMpC5_uYqZg,https://docs.google.com/document/d/18yKTYT5ViyJFNW3gCY5cGs8dxb7aHK5DMMpC5_uYqZg/edit,SAN_BILING_IIEE_DIR_HSE_ENTREVISTA-PARTE-1 - Documentos de Google,output/san_biling_iiee_dir_hse_entrevista_parte_1.md,18912,2025-12-18 16:40:31
1YeeCxjE6UkDyxbw3RzbTqNYTJwK-Ae64uPODhTEi25Y,https://docs.google.com/document/d/1YeeCxjE6UkDyxbw3RzbTqNYTJwK-Ae64uPODhTEi25Y/edit,SAN_BILING_IIEE_DIR_MSE, TIC_ENTREVISTA - Documentos de Google,output/san_biling_iiee_dir_mse_tic_entrevista_documentos.md,29052,2025-12-18 16:42:17
1xmhFHMGikkqgHPktQF3-x5Xc3dgNznbu2NJH13i2Fm0,https://docs.google.com/document/d/1xmhFHMGikkqgHPktQF3-x5Xc3dgNznbu2NJH13i2Fm0/edit,SAN_BILING_IIEE_DOC_MSE_GRUPO-FOCAL - Documentos de Google,output/san_biling_iiee_doc_mse_grupo_focal_documentos_de.md,7639,2025-12-18 16:43:45
1ryp2t3MkKowdoxCVevv1FvFsHxQdJkidrGPF5quzw3M,https://docs.google.com/document/d/1ryp2t3MkKowdoxCVevv1FvFsHxQdJkidrGPF5quzw3M/edit,SAN_BILING_IIEE_DOC-NOTUTOR-A_HSE_ENTREVISTA - Documentos de Google,output/san_biling_iiee_doc_notutor_a_hse_entrevista.md,12039,2025-12-18 16:45:34
1nOCZ0whnc32vuryA6-9XMj7kBr7f3btjmwphuNziggk,https://docs.google.com/document/d/1nOCZ0whnc32vuryA6-9XMj7kBr7f3btjmwphuNziggk/edit,SAN_BILING_IIEE_DOC-NOTUTOR-A_TIC_ENTREVISTA - Documentos de Google,output/san_biling_iiee_doc_notutor_a_tic_entrevista.md,3618,2025-12-18 16:47:00
1_XI7Bdcq1z51r-w70MNJdjk8loALFprnA_YwXQmuQVA,https://docs.google.com/document/d/1_XI7Bdcq1z51r-w70MNJdjk8loALFprnA_YwXQmuQVA/edit,SAN_BILING_IIEE_DOC-NOTUTOR-B_TIC_ENTREVISTA - Documentos de Google,output/san_biling_iiee_doc_notutor_b_tic_entrevista.md,3706,2025-12-18 16:48:20
1YLFOkOJBkdKcdbXUAN6-tEa0X_uW1FizzwpnF9qvAQg,https://docs.google.com/document/d/1YLFOkOJBkdKcdbXUAN6-tEa0X_uW1FizzwpnF9qvAQg/edit,SAN_BILING_IIEE_DOC-TUTOR-A_HSE_ENTREVISTA - Documentos de Google,output/san_biling_iiee_doc_tutor_a_hse_entrevista.md,7288,2025-12-18 16:49:51
190DCfy9SvgJvC0qwT3L4l1RTtNrtJIwTrZ14WOrbBs4,https://docs.google.com/document/d/190DCfy9SvgJvC0qwT3L4l1RTtNrtJIwTrZ14WOrbBs4/edit,SAN_BILING_IIEE_DOC-TUTOR-B_HSE_ENTREVISTA - Documentos de Google,output/san_biling_iiee_doc_tutor_b_hse_entrevista.md,8701,2025-12-18 16:51:40
1VIBcXXSqgyjPVwRqcjGVQ09755P1NUyp-yHH9QMVYbE,https://docs.google.com/document/d/1VIBcXXSqgyjPVwRqcjGVQ09755P1NUyp-yHH9QMVYbE/edit,SAN_BILING_IIEE_EST_MSE, HSE, TIC_GRUPO-FOCAL - Documentos de Google,output/san_biling_iiee_est_mse_hse_tic_grupo_focal.md,26714,2025-12-18 16:53:28
1qdede_TD2TyWZYOh5XInBKM3cLeqybI96aYTyPhJ3BU,https://docs.google.com/document/d/1qdede_TD2TyWZYOh5XInBKM3cLeqybI96aYTyPhJ3BU/edit,SAN_BILING_IIEE_FAM_MSE, HSE, TIC_GRUPO-FOCAL - Documentos de Google,output/san_biling_iiee_fam_mse_hse_tic_grupo_focal.md,11508,2025-12-18 16:55:21
1ZnggZtH3Ry5zpf1_zIJCUz5J0E06Z8gL4JpSBTDLjNI,https://docs.google.com/document/d/1ZnggZtH3Ry5zpf1_zIJCUz5J0E06Z8gL4JpSBTDLjNI/edit,SAN_BILING_IIEE_PSIC_HSE_ENTREVISTA - Documentos de Google,output/san_biling_iiee_psic_hse_entrevista_documentos_de.md,9603,2025-12-18 16:57:06
1xxF50BaxDRnc7D2IqOTMMscw1yUnIJMgJMTpm4lUGWE,https://docs.google.com/document/d/1xxF50BaxDRnc7D2IqOTMMscw1yUnIJMgJMTpm4lUGWE/edit,SAN_BILING_IIEE_PSIC_MSE_ENTREVISTA - Documentos de Google,output/san_biling_iiee_psic_mse_entrevista_documentos_de.md,11741,2025-12-18 16:59:00
1fpK170AEGqfNQhaYx2B3Zp9lpiWbna3s9Esf4wy285g,https://docs.google.com/document/d/1fpK170AEGqfNQhaYx2B3Zp9lpiWbna3s9Esf4wy285g/edit,SAN_MARTIN_IIEE_COORD-CIST_MSE, TIC_ENTREVISTA - Documentos de Google,output/san_martin_iiee_coord_cist_mse_tic_entrevista.md,5955,2025-12-18 17:00:32
13jijsM5F520AYrJNm9mTaR7JHHktwSHWvX3css9jOzU,https://docs.google.com/document/d/13jijsM5F520AYrJNm9mTaR7JHHktwSHWvX3css9jOzU/edit,SAN_MARTIN_IIEE_COORD-EPT_MSE_ENTREVISTA - Documentos de Google,output/san_martin_iiee_coord_ept_mse_entrevista.md,7266,2025-12-18 17:01:59
1hw4DEchHheqxmLKOAvfpNeEvFyzpP7YHrpRlE_6LAHU,https://docs.google.com/document/d/1hw4DEchHheqxmLKOAvfpNeEvFyzpP7YHrpRlE_6LAHU/edit,SAN_MARTIN_IIEE_COORD-PED_MSE, TIC_ENTREVISTA - Documentos de Google,output/san_martin_iiee_coord_ped_mse_tic_entrevista.md,20582,2025-12-18 17:03:55
16ly2rIkpBHf70ukp3nlAidCBNDBZvPgtZ0mzPk7GJu8,https://docs.google.com/document/d/16ly2rIkpBHf70ukp3nlAidCBNDBZvPgtZ0mzPk7GJu8/edit,SAN_MARTIN_IIEE_DIR_HSE_ENTREVISTA - Documentos de Google,output/san_martin_iiee_dir_hse_entrevista_documentos_de.md,10246,2025-12-18 17:05:40
1u30s3nrSm6c9FDAQV0qTspxxCr_BrgfOFDUj9xXhy-4,https://docs.google.com/document/d/1u30s3nrSm6c9FDAQV0qTspxxCr_BrgfOFDUj9xXhy-4/edit,SAN_MARTIN_IIEE_DIR_MSE, TIC_ENTREVISTA-PARTE-1 - Documentos de Google,output/san_martin_iiee_dir_mse_tic_entrevista_parte_1.md,23640,2025-12-18 17:07:32
1hVqsfKXq0Q3k5TrDkDZpRWRr95yfWnH3OD8ZEWTg5KI,https://docs.google.com/document/d/1hVqsfKXq0Q3k5TrDkDZpRWRr95yfWnH3OD8ZEWTg5KI/edit,SAN_MARTIN_IIEE_DOC_MSE_GRUPO-FOCAL-PARTE-1 - Documentos de Google,output/san_martin_iiee_doc_mse_grupo_focal_parte_1.md,17452,2025-12-18 17:09:20
1OxIpZRaToKFEK2Dlx3hQ8JaY9KplMXMr81JSGk-Kcg0,https://docs.google.com/document/d/1OxIpZRaToKFEK2Dlx3hQ8JaY9KplMXMr81JSGk-Kcg0/edit,SAN_MARTIN_IIEE_DOC-NOTUTOR-A_HSE_ENTREVISTA - Documentos de Google,output/san_martin_iiee_doc_notutor_a_hse_entrevista.md,7397,2025-12-18 17:10:48
133OhOWR39ar6zz5_cG_HRbzmRsV73ZcD506wkHGydyo,https://docs.google.com/document/d/133OhOWR39ar6zz5_cG_HRbzmRsV73ZcD506wkHGydyo/edit,SAN_MARTIN_IIEE_DOC-NOTUTOR-A_TIC_ENTREVISTA - Documentos de Google,output/san_martin_iiee_doc_notutor_a_tic_entrevista.md,2810,2025-12-18 17:12:12
1w6ZP0zU9cALATZqBq_3IeBkAd-5tmxs33ZulhzKycPo,https://docs.google.com/document/d/1w6ZP0zU9cALATZqBq_3IeBkAd-5tmxs33ZulhzKycPo/edit,SAN_MARTIN_IIEE_DOC-NOTUTOR-B_TIC_ENTREVISTA - Documentos de Google,output/san_martin_iiee_doc_notutor_b_tic_entrevista.md,7007,2025-12-18 17:13:47
1Lsjs-YR3NJXOTwqq87R4CjRPyOTnH8Ajq1i8om0ywXY,https://docs.google.com/document/d/1Lsjs-YR3NJXOTwqq87R4CjRPyOTnH8Ajq1i8om0ywXY/edit,SAN_MARTIN_IIEE_DOC-TUTOR-A_HSE_ENTREVISTA - Documentos de Google,output/san_martin_iiee_doc_tutor_a_hse_entrevista.md,12575,2025-12-18 17:15:32
1OQh-I5XGSWz3PhnSOumsozrN_JC1Wz9pDoYRfnxzLnM,https://docs.google.com/document/d/1OQh-I5XGSWz3PhnSOumsozrN_JC1Wz9pDoYRfnxzLnM/edit,SAN_MARTIN_IIEE_DOC-TUTOR-B_HSE_ENTREVISTA-PARTE-1 - Documentos de Google,output/san_martin_iiee_doc_tutor_b_hse_entrevista_parte.md,13706,2025-12-18 17:17:25
1el0aeFkdGO7jT04NT-t-DqrYzjt6Na0CePTikxIGzg4,https://docs.google.com/document/d/1el0aeFkdGO7jT04NT-t-DqrYzjt6Na0CePTikxIGzg4/edit,SAN_MARTIN_IIEE_EST_MSE, HSE, TIC_GRUPO-FOCAL - Documentos de Google,output/san_martin_iiee_est_mse_hse_tic_grupo_focal.md,19546,2025-12-18 17:19:11
1Ly3jpw6_sm3vlKgYhP4ygPK56OlaGlSLbPiI2jZZWM4,https://docs.google.com/document/d/1Ly3jpw6_sm3vlKgYhP4ygPK56OlaGlSLbPiI2jZZWM4/edit,SAN_MARTIN_IIEE_FAM_MSE, HSE, TIC_GRUPO-FOCAL - Documentos de Google,output/san_martin_iiee_fam_mse_hse_tic_grupo_focal.md,25303,2025-12-18 17:21:00
1_q6q2HMKztuI2VodnZl6KXDwAcP9JZmvr0Zv3N_vsDQ,https://docs.google.com/document/d/1_q6q2HMKztuI2VodnZl6KXDwAcP9JZmvr0Zv3N_vsDQ/edit,SAN_MARTIN_IIEE_PSIC_HSE_ENTREVISTA - Documentos de Google,output/san_martin_iiee_psic_hse_entrevista_documentos_de.md,8099,2025-12-18 17:22:38
19HT1Hxge3goZo6IN6ly7qsExL8Xhiz1BuVwnnlYPe8Q,https://docs.google.com/document/d/19HT1Hxge3goZo6IN6ly7qsExL8Xhiz1BuVwnnlYPe8Q/edit,SAN_MARTIN_IIEE_PSIC_MSE_ENTREVISTA - Documentos de Google,output/san_martin_iiee_psic_mse_entrevista_documentos_de.md,10957,2025-12-18 17:24:19
1fgyOUoshCP-CXF0NKkq6fR_bzV1X7C3Ou4xDmsA-DFY,https://docs.google.com/document/d/1fgyOUoshCP-CXF0NKkq6fR_bzV1X7C3Ou4xDmsA-DFY/edit,LIM_FANNI_IIEE_COORD-CIST_MSE, TIC_ENTREVISTA - Documentos de Google,output/lim_fanni_iiee_coord_cist_mse_tic_entrevista.md,12431,2025-12-18 17:31:03
1YUhV47Ql7xYQkIBSyZAoPxbLHDavMBIfy0by-YHY9tc,https://docs.google.com/document/d/1YUhV47Ql7xYQkIBSyZAoPxbLHDavMBIfy0by-YHY9tc/edit,LIM_FANNI_IIEE_COORD-TOE_HSE_ENTREVISTA - Documentos de Google,output/lim_fanni_iiee_coord_toe_hse_entrevista.md,14962,2025-12-18 17:33:43
16kj-7tl66FSCd5StzurM0TTYPrKaHKURTrWuznvlvk4,https://docs.google.com/document/d/16kj-7tl66FSCd5StzurM0TTYPrKaHKURTrWuznvlvk4/edit,LIM_FANNI_IIEE_DIR_HSE_ENTREVISTA - Documentos de Google,output/lim_fanni_iiee_dir_hse_entrevista_documentos_de.md,8556,2025-12-18 17:35:11
1Ct58UJ-shvhbXrXnMjSrwTm8C3GZogzYu9L3KROULRE,https://docs.google.com/document/d/1Ct58UJ-shvhbXrXnMjSrwTm8C3GZogzYu9L3KROULRE/edit,LIM_FANNI_IIEE_DIR_MSE, TIC_ENTREVISTA - Documentos de Google,output/lim_fanni_iiee_dir_mse_tic_entrevista_documentos.md,17756,2025-12-18 17:37:02
1s8ES_o6KTmTYO2sx7Oxcs3rncR5DyIAObyB4N8pDSQA,https://docs.google.com/document/d/1s8ES_o6KTmTYO2sx7Oxcs3rncR5DyIAObyB4N8pDSQA/edit,LIM_FANNI_IIEE_DOC_MSE_GRUPO-FOCAL - Documentos de Google,output/lim_fanni_iiee_doc_mse_grupo_focal_documentos_de.md,20801,2025-12-18 17:38:45
1ou2aQiTa4yMm2jkhbQfyfqp4RbBppnoSvVH-4FhE3cY,https://docs.google.com/document/d/1ou2aQiTa4yMm2jkhbQfyfqp4RbBppnoSvVH-4FhE3cY/edit,LIM_FANNI_IIEE_DOC-NOTUTOR-A_HSE_ENTREVISTA - Documentos de Google,output/lim_fanni_iiee_doc_notutor_a_hse_entrevista.md,17005,2025-12-18 17:40:34
14zuAQObApnrRs-tV2Mh6y-JJrrmym_yBQeqB-9kfsJ0,https://docs.google.com/document/d/14zuAQObApnrRs-tV2Mh6y-JJrrmym_yBQeqB-9kfsJ0/edit,LIM_FANNI_IIEE_DOC-NOTUTOR-A_TIC_ENTREVISTA - Documentos de Google,output/lim_fanni_iiee_doc_notutor_a_tic_entrevista.md,9429,2025-12-18 17:42:18
1vujk-CCM1xtFc1C_UQ-EHzGqoM5LLBPvCOLSlwq8s5w,https://docs.google.com/document/d/1vujk-CCM1xtFc1C_UQ-EHzGqoM5LLBPvCOLSlwq8s5w/edit,LIM_FANNI_IIEE_DOC-TUTOR-A_HSE_ENTREVISTA - Documentos de Google,output/lim_fanni_iiee_doc_tutor_a_hse_entrevista.md,14297,2025-12-18 17:44:00
1AgTDMjMsXR5soFqcSrgm8snopp0Wyp4h2xOhvT180KA,https://docs.google.com/document/d/1AgTDMjMsXR5soFqcSrgm8snopp0Wyp4h2xOhvT180KA/edit,LIM_FANNI_IIEE_EST_MSE, HSE, TIC_GRUPO-FOCAL - Documentos de Google,output/lim_fanni_iiee_est_mse_hse_tic_grupo_focal.md,18008,2025-12-18 17:45:50
1UmBBnDH_PusQD8KDBHHVn-xrbqrY6xzqfTb7XqRt5QE,https://docs.google.com/document/d/1UmBBnDH_PusQD8KDBHHVn-xrbqrY6xzqfTb7XqRt5QE/edit,LIM_FANNI_IIEE_PSIC_HSE_ENTREVISTA - Documentos de Google,output/lim_fanni_iiee_psic_hse_entrevista_documentos_de.md,12923,2025-12-18 17:47:33
1bVRZZ86Dxkos-mZT9dQHZFD4r5BbZvPnP1Z7PSNMAto,https://docs.google.com/document/d/1bVRZZ86Dxkos-mZT9dQHZFD4r5BbZvPnP1Z7PSNMAto/edit,LIM_GUATE_IIEE_COORD-PED_MSE, TIC_ENTREVISTA - Documentos de Google,output/lim_guate_iiee_coord_ped_mse_tic_entrevista.md,18300,2025-12-18 17:49:18
11JfKqC8PylBclzmjsbvgH2atPlZdKW1fxytiKAEoQB0,https://docs.google.com/document/d/11JfKqC8PylBclzmjsbvgH2atPlZdKW1fxytiKAEoQB0/edit,LIM_GUATE_IIEE_COORD-TOE_HSE_ENTREVISTA - Documentos de Google,output/lim_guate_iiee_coord_toe_hse_entrevista.md,11347,2025-12-18 17:51:03
1eh_FJQpEYjOZ0UkkTzQVVbwIpqLoNR-vkBCoPpEbVzo,https://docs.google.com/document/d/1eh_FJQpEYjOZ0UkkTzQVVbwIpqLoNR-vkBCoPpEbVzo/edit,LIM_GUATE_IIEE_COORD-TOE_MSE_ENTREVISTA - Documentos de Google,output/lim_guate_iiee_coord_toe_mse_entrevista.md,10633,2025-12-18 17:52:57
1qHyCDdBh0X4C-Cqm8vKo3cSOlpqy3SUXniXg-AtZ_IM,https://docs.google.com/document/d/1qHyCDdBh0X4C-Cqm8vKo3cSOlpqy3SUXniXg-AtZ_IM/edit,LIM_GUATE_IIEE_DIR_HSE_ENTREVISTA - Documentos de Google,output/lim_guate_iiee_dir_hse_entrevista_documentos_de.md,11600,2025-12-18 17:54:40
1JJch0wc7b_fzF9wYOHy71oglHZ-X1psmspAk1y3O-dA,https://docs.google.com/document/d/1JJch0wc7b_fzF9wYOHy71oglHZ-X1psmspAk1y3O-dA/edit,LIM_GUATE_IIEE_DIR_MSE, TIC_ENTREVISTA - Documentos de Google,output/lim_guate_iiee_dir_mse_tic_entrevista_documentos.md,8350,2025-12-18 17:56:24
17y8HiRbEUIVQnOphJIvWuUR3Raj1_QYFWdFbuU2LvFY,https://docs.google.com/document/d/17y8HiRbEUIVQnOphJIvWuUR3Raj1_QYFWdFbuU2LvFY/edit,LIM_GUATE_IIEE_DOC_MSE_GRUPO-FOCAL - Documentos de Google,output/lim_guate_iiee_doc_mse_grupo_focal_documentos_de.md,11039,2025-12-18 17:58:12
1ZgfhctAiMCeH2t0AujcfjSQHWDSzPdnSVD7f4rxLEyY,https://docs.google.com/document/d/1ZgfhctAiMCeH2t0AujcfjSQHWDSzPdnSVD7f4rxLEyY/edit,LIM_GUATE_IIEE_DOC-NOTUTOR_HSE_ENTREVISTA - Documentos de Google,output/lim_guate_iiee_doc_notutor_hse_entrevista.md,9347,2025-12-18 17:59:54
1Kz1-BfKan2nMQK0GHNzz9Hetd0_rJ83NeTLL1N__Ggw,https://docs.google.com/document/d/1Kz1-BfKan2nMQK0GHNzz9Hetd0_rJ83NeTLL1N__Ggw/edit,LIM_GUATE_IIEE_DOC-NOTUTOR-A_TIC_ENTREVISTA - Documentos de Google,output/lim_guate_iiee_doc_notutor_a_tic_entrevista.md,9543,2025-12-18 18:01:37
1j_FmGegr0l3UmxAJvtUEkItVMRJ2_qiXSl3YfbKF-bI,https://docs.google.com/document/d/1j_FmGegr0l3UmxAJvtUEkItVMRJ2_qiXSl3YfbKF-bI/edit,LIM_GUATE_IIEE_DOC-NOTUTOR-B_TIC_ENTREVISTA - Documentos de Google,output/lim_guate_iiee_doc_notutor_b_tic_entrevista.md,4916,2025-12-18 18:03:05
1WctdHR3Xgam0S18NcFMRfzjRW45Hx-f0SQqBvli-sNo,https://docs.google.com/document/d/1WctdHR3Xgam0S18NcFMRfzjRW45Hx-f0SQqBvli-sNo/edit,LIM_GUATE_IIEE_DOC-NOTUTOR-C_TIC_ENTREVISTA - Documentos de Google,output/lim_guate_iiee_doc_notutor_c_tic_entrevista.md,6583,2025-12-18 18:04:34
1Zf_TArSpe5T_oRQggDGXm9KndfpdnJu8x0GGsMCHIGM,https://docs.google.com/document/d/1Zf_TArSpe5T_oRQggDGXm9KndfpdnJu8x0GGsMCHIGM/edit,LIM_GUATE_IIEE_DOC-TUTOR-A_HSE_ENTREVISTA - Documentos de Google,output/lim_guate_iiee_doc_tutor_a_hse_entrevista.md,15799,2025-12-18 18:06:18
1JDRnjZpqdVQ9_GJsWn8BBFtYmn9XTxDQhoTrcT6PPvs,https://docs.google.com/document/d/1JDRnjZpqdVQ9_GJsWn8BBFtYmn9XTxDQhoTrcT6PPvs/edit,LIM_GUATE_IIEE_EST_MSE, HSE, TIC_GRUPO-FOCAL - Documentos de Google,output/lim_guate_iiee_est_mse_hse_tic_grupo_focal.md,7741,2025-12-18 18:07:56
1o_Q4BMH8BcoqztOp5pPX2c5Bd-RCJb_jTbtGUNbSjpA,https://docs.google.com/document/d/1o_Q4BMH8BcoqztOp5pPX2c5Bd-RCJb_jTbtGUNbSjpA/edit,LIM_GUATE_IIEE_FAM_MSE, HSE, TIC_GRUPO-FOCAL - Documentos de Google,output/lim_guate_iiee_fam_mse_hse_tic_grupo_focal.md,12345,2025-12-18 18:09:41
1k6U8JEagsAkHFi7ILW_GQMkC8IbZLc-Sep3GplVrFiU,https://docs.google.com/document/d/1k6U8JEagsAkHFi7ILW_GQMkC8IbZLc-Sep3GplVrFiU/edit,LIM_GUATE_IIEE_PSIC_HSE_ENTREVISTA - Documentos de Google,output/lim_guate_iiee_psic_hse_entrevista_documentos_de.md,15325,2025-12-18 18:11:22
1BRNkmBhmfix_u8C28oNU0M9OPC6eK4_33afEv3BsDAI,https://docs.google.com/document/d/1BRNkmBhmfix_u8C28oNU0M9OPC6eK4_33afEv3BsDAI/edit,LIM_GUATE_IIEE_PSIC_MSE_ENTREVISTA-PARTE-1 - Documentos de Google,output/lim_guate_iiee_psic_mse_entrevista_parte_1.md,15745,2025-12-18 18:13:11
1lM_oO3A89R2755g9wRbEgpy9UM2nILcBwcQ6nzOmxdQ,https://docs.google.com/document/d/1lM_oO3A89R2755g9wRbEgpy9UM2nILcBwcQ6nzOmxdQ/edit,LIM_FANNI_IIEE_COORD-PED_MSE, TIC_ENTREVISTA - Documentos de Google,output/lim_fanni_iiee_coord_ped_mse_tic_entrevista.md,16289,2026-01-08 18:06:52
1ZIDiQS8rMbyxc2wTyyPqdx_NTeogc2lcLdSfzKPM3ys,https://docs.google.com/document/d/1ZIDiQS8rMbyxc2wTyyPqdx_NTeogc2lcLdSfzKPM3ys/edit,LIM_FANNI_IIEE_COORD-TOE_HSE_ENTREVISTA - Documentos de Google,output/lim_fanni_iiee_coord_toe_hse_entrevista.md,14892,2026-01-08 18:09:32
1L6UkjUnx4YUhPvq2AC0DIuCgob_8eQxrmZImxx-gwAI,https://docs.google.com/document/d/1L6UkjUnx4YUhPvq2AC0DIuCgob_8eQxrmZImxx-gwAI/edit,LIM_FANNI_IIEE_COORD-TOE_MSE_ENTREVISTA - Documentos de Google,output/lim_fanni_iiee_coord_toe_mse_entrevista.md,6505,2026-01-08 18:10:51
1yaDJ-_9VDOeFGOsFKgcUAhcwyvYJfbl0w2X5KEHj_70,https://docs.google.com/document/d/1yaDJ-_9VDOeFGOsFKgcUAhcwyvYJfbl0w2X5KEHj_70/edit,LIM_FANNI_IIEE_PSIC_MSE_ENTREVISTA - Documentos de Google,output/lim_fanni_iiee_psic_mse_entrevista_documentos_de.md,6460,2026-01-08 18:12:20
1yaDJ-_9VDOeFGOsFKgcUAhcwyvYJfbl0w2X5KEHj_70,https://docs.google.com/document/d/1yaDJ-_9VDOeFGOsFKgcUAhcwyvYJfbl0w2X5KEHj_70/edit,LIM_FANNI_IIEE_PSIC_MSE_ENTREVISTA - Documentos de Google,output/lim_fanni_iiee_psic_mse_entrevista_documentos_de.md,6460,2026-01-08 18:12:34
1pOXaRHBJFoavukzQHrqyLjMeLG_9UtCCJZTADDAYANs,https://docs.google.com/document/d/1pOXaRHBJFoavukzQHrqyLjMeLG_9UtCCJZTADDAYANs/edit,LIM_FANNI_IIEE_PSIC_MSE_ENTREVISTA-PARTE-2 - Documentos de Google,output/lim_fanni_iiee_psic_mse_entrevista_parte_2.md,0,2026-01-08 18:14:48
1ebuWXMspY0n9v6VFG8T2riRLkYqTZI8Vu9SCsT9EufM,https://docs.google.com/document/d/1ebuWXMspY0n9v6VFG8T2riRLkYqTZI8Vu9SCsT9EufM/edit,LIM_FEYAL_IIEE_COORD-PED_MSE, TIC_ENTREVISTA - Documentos de Google,output/lim_feyal_iiee_coord_ped_mse_tic_entrevista.md,10968,2026-01-08 18:16:04
1ebuWXMspY0n9v6VFG8T2riRLkYqTZI8Vu9SCsT9EufM,https://docs.google.com/document/d/1ebuWXMspY0n9v6VFG8T2riRLkYqTZI8Vu9SCsT9EufM/edit,LIM_FEYAL_IIEE_COORD-PED_MSE, TIC_ENTREVISTA - Documentos de Google,output/lim_feyal_iiee_coord_ped_mse_tic_entrevista.md,10968,2026-01-08 18:17:23
1BMJ82JN2ZJTptBaQiwztPqPsknzSAtuFGnt1bH38HMw,https://docs.google.com/document/d/1BMJ82JN2ZJTptBaQiwztPqPsknzSAtuFGnt1bH38HMw/edit,LIM_FEYAL_IIEE_DIR_MSE, TIC_ENTREVISTA - Documentos de Google,output/lim_feyal_iiee_dir_mse_tic_entrevista_documentos.md,9508,2026-01-08 18:17:47
1WY7gqlg-RAFMiTD4x1MENzFPYW1EWaacYRrgQfWraoA,https://docs.google.com/document/d/1WY7gqlg-RAFMiTD4x1MENzFPYW1EWaacYRrgQfWraoA/edit,LIM_FEYAL_IIEE_DOC_MSE_GRUPO-FOCAL - Documentos de Google,output/lim_feyal_iiee_doc_mse_grupo_focal_documentos_de.md,7757,2026-01-08 18:19:08
1BMJ82JN2ZJTptBaQiwztPqPsknzSAtuFGnt1bH38HMw,https://docs.google.com/document/d/1BMJ82JN2ZJTptBaQiwztPqPsknzSAtuFGnt1bH38HMw/edit,LIM_FEYAL_IIEE_DIR_MSE, TIC_ENTREVISTA - Documentos de Google,output/lim_feyal_iiee_dir_mse_tic_entrevista_documentos.md,9508,2026-01-08 18:19:52
1fXjub7c7MVtb8bdTPz3RfH2fsbqRw10gdPDfwXzBWD8,https://docs.google.com/document/d/1fXjub7c7MVtb8bdTPz3RfH2fsbqRw10gdPDfwXzBWD8/edit,LIM_GUATE_IIEE_COORD-CIST_MSE, TIC_ENTREVISTA - Documentos de Google,output/lim_guate_iiee_coord_cist_mse_tic_entrevista.md,9488,2026-01-08 18:20:35
1WY7gqlg-RAFMiTD4x1MENzFPYW1EWaacYRrgQfWraoA,https://docs.google.com/document/d/1WY7gqlg-RAFMiTD4x1MENzFPYW1EWaacYRrgQfWraoA/edit,LIM_FEYAL_IIEE_DOC_MSE_GRUPO-FOCAL - Documentos de Google,output/lim_feyal_iiee_doc_mse_grupo_focal_documentos_de.md,7757,2026-01-08 18:21:28
1fXjub7c7MVtb8bdTPz3RfH2fsbqRw10gdPDfwXzBWD8,https://docs.google.com/document/d/1fXjub7c7MVtb8bdTPz3RfH2fsbqRw10gdPDfwXzBWD8/edit,LIM_GUATE_IIEE_COORD-CIST_MSE, TIC_ENTREVISTA - Documentos de Google,output/lim_guate_iiee_coord_cist_mse_tic_entrevista.md,9488,2026-01-08 18:23:07
